State,Year,Impact Type,Imports,Impact Value,Notes,Sector
Alabama,2022,#Jobs,With Imports,"2,239",,Seafood Processors & Dealers
Alabama,2022,#Jobs,With Imports,"3,130",,Retail
Alabama,2022,#Jobs,With Imports,"6,971",,Total Impacts
Alabama,2022,#Jobs,With Imports,134,,Seafood Wholesalers & Distributors
Alabama,2022,#Jobs,With Imports,553,,Importers
Alabama,2022,#Jobs,With Imports,916,,Commercial Harvesters
Alabama,2022,#Jobs,Without Imports,"3,007",,Retail
Alabama,2022,#Jobs,Without Imports,"4,917",,Total Impacts
Alabama,2022,#Jobs,Without Imports,,N/A - Data are not available.,Importers
Alabama,2022,#Jobs,Without Imports,112,,Seafood Wholesalers & Distributors
Alabama,2022,#Jobs,Without Imports,882,,Seafood Processors & Dealers
Alabama,2022,#Jobs,Without Imports,916,,Commercial Harvesters
Alabama,2022,Income,With Imports,"13,002,079",,Commercial Harvesters
Alabama,2022,Income,With Imports,"139,903,979",,Total Impacts
Alabama,2022,Income,With Imports,"2,198,407",,Seafood Wholesalers & Distributors
Alabama,2022,Income,With Imports,"24,375,151",,Importers
Alabama,2022,Income,With Imports,"45,175,981",,Retail
Alabama,2022,Income,With Imports,"55,152,361",,Seafood Processors & Dealers
Alabama,2022,Income,Without Imports,"1,847,887",,Seafood Wholesalers & Distributors
Alabama,2022,Income,Without Imports,"13,002,079",,Commercial Harvesters
Alabama,2022,Income,Without Imports,"21,729,853",,Seafood Processors & Dealers
Alabama,2022,Income,Without Imports,"43,382,239",,Retail
Alabama,2022,Income,Without Imports,"79,962,057",,Total Impacts
Alabama,2022,Income,Without Imports,,N/A - Data are not available.,Importers
Alabama,2022,Sales,With Imports,"101,117,125",,Retail
Alabama,2022,Sales,With Imports,"140,801,051",,Seafood Processors & Dealers
Alabama,2022,Sales,With Imports,"152,088,921",,Importers
Alabama,2022,Sales,With Imports,"42,648,349",,Commercial Harvesters
Alabama,2022,Sales,With Imports,"442,926,654",,Total Impacts
Alabama,2022,Sales,With Imports,"6,271,208",,Seafood Wholesalers & Distributors
Alabama,2022,Sales,Without Imports,"200,504,195",,Total Impacts
Alabama,2022,Sales,Without Imports,"42,648,349",,Commercial Harvesters
Alabama,2022,Sales,Without Imports,"5,271,310",,Seafood Wholesalers & Distributors
Alabama,2022,Sales,Without Imports,"55,475,161",,Seafood Processors & Dealers
Alabama,2022,Sales,Without Imports,"97,109,376",,Retail
Alabama,2022,Sales,Without Imports,,N/A - Data are not available.,Importers
Alabama,2022,Value Added,With Imports,"19,064,064",,Commercial Harvesters
Alabama,2022,Value Added,With Imports,"195,934,267",,Total Impacts
Alabama,2022,Value Added,With Imports,"2,831,814",,Seafood Wholesalers & Distributors
Alabama,2022,Value Added,With Imports,"46,363,362",,Importers
Alabama,2022,Value Added,With Imports,"57,588,654",,Retail
Alabama,2022,Value Added,With Imports,"70,086,373",,Seafood Processors & Dealers
Alabama,2022,Value Added,Without Imports,"104,360,260",,Total Impacts
Alabama,2022,Value Added,Without Imports,"19,064,064",,Commercial Harvesters
Alabama,2022,Value Added,Without Imports,"2,380,302",,Seafood Wholesalers & Distributors
Alabama,2022,Value Added,Without Imports,"27,613,805",,Seafood Processors & Dealers
Alabama,2022,Value Added,Without Imports,"55,302,089",,Retail
Alabama,2022,Value Added,Without Imports,,N/A - Data are not available.,Importers
Alaska,2022,#Jobs,With Imports,"16,045",,Seafood Processors & Dealers
Alaska,2022,#Jobs,With Imports,"3,859",,Retail
Alaska,2022,#Jobs,With Imports,"53,938",,Commercial Harvesters
Alaska,2022,#Jobs,With Imports,"74,424",,Total Impacts
Alaska,2022,#Jobs,With Imports,493,,Seafood Wholesalers & Distributors
Alaska,2022,#Jobs,With Imports,89,,Importers
Alaska,2022,#Jobs,Without Imports,"16,020",,Seafood Processors & Dealers
Alaska,2022,#Jobs,Without Imports,"3,835",,Retail
Alaska,2022,#Jobs,Without Imports,"53,938",,Commercial Harvesters
Alaska,2022,#Jobs,Without Imports,"74,270",,Total Impacts
Alaska,2022,#Jobs,Without Imports,,N/A - Data are not available.,Importers
Alaska,2022,#Jobs,Without Imports,477,,Seafood Wholesalers & Distributors
Alaska,2022,Income,With Imports,"1,628,895,772",,Commercial Harvesters
Alaska,2022,Income,With Imports,"17,610,848",,Seafood Wholesalers & Distributors
Alaska,2022,Income,With Imports,"2,291,049,672",,Total Impacts
Alaska,2022,Income,With Imports,"3,942,520",,Importers
Alaska,2022,Income,With Imports,"562,365,768",,Seafood Processors & Dealers
Alaska,2022,Income,With Imports,"78,234,764",,Retail
Alaska,2022,Income,Without Imports,"1,628,895,772",,Commercial Harvesters
Alaska,2022,Income,Without Imports,"17,025,596",,Seafood Wholesalers & Distributors
Alaska,2022,Income,Without Imports,"2,285,079,721",,Total Impacts
Alaska,2022,Income,Without Imports,"561,483,438",,Seafood Processors & Dealers
Alaska,2022,Income,Without Imports,"77,674,915",,Retail
Alaska,2022,Income,Without Imports,,N/A - Data are not available.,Importers
Alaska,2022,Sales,With Imports,"1,288,715,364",,Seafood Processors & Dealers
Alaska,2022,Sales,With Imports,"176,781,788",,Retail
Alaska,2022,Sales,With Imports,"24,599,382",,Importers
Alaska,2022,Sales,With Imports,"3,563,486,945",,Commercial Harvesters
Alaska,2022,Sales,With Imports,"5,105,017,560",,Total Impacts
Alaska,2022,Sales,With Imports,"51,434,080",,Seafood Wholesalers & Distributors
Alaska,2022,Sales,Without Imports,"1,286,697,862",,Seafood Processors & Dealers
Alaska,2022,Sales,Without Imports,"175,573,771",,Retail
Alaska,2022,Sales,Without Imports,"3,563,486,945",,Commercial Harvesters
Alaska,2022,Sales,Without Imports,"49,724,799",,Seafood Wholesalers & Distributors
Alaska,2022,Sales,Without Imports,"5,075,483,377",,Total Impacts
Alaska,2022,Sales,Without Imports,,N/A - Data are not available.,Importers
Alaska,2022,Value Added,With Imports,"100,328,004",,Retail
Alaska,2022,Value Added,With Imports,"2,007,888,195",,Commercial Harvesters
Alaska,2022,Value Added,With Imports,"2,835,954,796",,Total Impacts
Alaska,2022,Value Added,With Imports,"22,996,444",,Seafood Wholesalers & Distributors
Alaska,2022,Value Added,With Imports,"697,243,184",,Seafood Processors & Dealers
Alaska,2022,Value Added,With Imports,"7,498,969",,Importers
Alaska,2022,Value Added,Without Imports,"2,007,888,195",,Commercial Harvesters
Alaska,2022,Value Added,Without Imports,"2,825,890,194",,Total Impacts
Alaska,2022,Value Added,Without Imports,"22,232,215",,Seafood Wholesalers & Distributors
Alaska,2022,Value Added,Without Imports,"696,150,902",,Seafood Processors & Dealers
Alaska,2022,Value Added,Without Imports,"99,618,881",,Retail
Alaska,2022,Value Added,Without Imports,,N/A - Data are not available.,Importers
California,2022,#Jobs,With Imports,"17,050",,Seafood Wholesalers & Distributors
California,2022,#Jobs,With Imports,"187,519",,Total Impacts
California,2022,#Jobs,With Imports,"4,493",,Commercial Harvesters
California,2022,#Jobs,With Imports,"6,332",,Seafood Processors & Dealers
California,2022,#Jobs,With Imports,"73,223",,Retail
California,2022,#Jobs,With Imports,"86,421",,Importers
California,2022,#Jobs,Without Imports,"1,817",,Seafood Processors & Dealers
California,2022,#Jobs,Without Imports,"15,195",,Total Impacts
California,2022,#Jobs,Without Imports,"4,493",,Commercial Harvesters
California,2022,#Jobs,Without Imports,"8,250",,Retail
California,2022,#Jobs,Without Imports,,N/A - Data are not available.,Importers
California,2022,#Jobs,Without Imports,636,,Seafood Wholesalers & Distributors
California,2022,Income,With Imports,"1,662,514,390",,Retail
California,2022,Income,With Imports,"145,475,572",,Commercial Harvesters
California,2022,Income,With Imports,"240,121,869",,Seafood Processors & Dealers
California,2022,Income,With Imports,"3,810,027,298",,Importers
California,2022,Income,With Imports,"6,637,767,865",,Total Impacts
California,2022,Income,With Imports,"779,628,737",,Seafood Wholesalers & Distributors
California,2022,Income,Without Imports,"145,475,572",,Commercial Harvesters
California,2022,Income,Without Imports,"181,018,789",,Retail
California,2022,Income,Without Imports,"29,061,207",,Seafood Wholesalers & Distributors
California,2022,Income,Without Imports,"424,475,424",,Total Impacts
California,2022,Income,Without Imports,"68,919,856",,Seafood Processors & Dealers
California,2022,Income,Without Imports,,N/A - Data are not available.,Importers
California,2022,Sales,With Imports,"2,403,663,113",,Seafood Wholesalers & Distributors
California,2022,Sales,With Imports,"23,772,691,495",,Importers
California,2022,Sales,With Imports,"3,963,503,728",,Retail
California,2022,Sales,With Imports,"31,204,269,831",,Total Impacts
California,2022,Sales,With Imports,"416,847,083",,Commercial Harvesters
California,2022,Sales,With Imports,"647,564,413",,Seafood Processors & Dealers
California,2022,Sales,Without Imports,"1,127,266,504",,Total Impacts
California,2022,Sales,Without Imports,"185,864,148",,Seafood Processors & Dealers
California,2022,Sales,Without Imports,"416,847,083",,Commercial Harvesters
California,2022,Sales,Without Imports,"434,956,949",,Retail
California,2022,Sales,Without Imports,"89,598,324",,Seafood Wholesalers & Distributors
California,2022,Sales,Without Imports,,N/A - Data are not available.,Importers
California,2022,Value Added,With Imports,"1,089,195,206",,Seafood Wholesalers & Distributors
California,2022,Value Added,With Imports,"11,062,743,141",,Total Impacts
California,2022,Value Added,With Imports,"2,196,303,017",,Retail
California,2022,Value Added,With Imports,"211,669,077",,Commercial Harvesters
California,2022,Value Added,With Imports,"318,618,618",,Seafood Processors & Dealers
California,2022,Value Added,With Imports,"7,246,957,223",,Importers
California,2022,Value Added,Without Imports,"211,669,077",,Commercial Harvesters
California,2022,Value Added,Without Imports,"239,734,614",,Retail
California,2022,Value Added,Without Imports,"40,600,505",,Seafood Wholesalers & Distributors
California,2022,Value Added,Without Imports,"583,454,216",,Total Impacts
California,2022,Value Added,Without Imports,"91,450,019",,Seafood Processors & Dealers
California,2022,Value Added,Without Imports,,N/A - Data are not available.,Importers
Connecticut,2022,#Jobs,With Imports,"1,419",,Retail
Connecticut,2022,#Jobs,With Imports,"2,356",,Importers
Connecticut,2022,#Jobs,With Imports,"4,771",,Total Impacts
Connecticut,2022,#Jobs,With Imports,187,,Seafood Processors & Dealers
Connecticut,2022,#Jobs,With Imports,335,,Seafood Wholesalers & Distributors
Connecticut,2022,#Jobs,With Imports,474,,Commercial Harvesters
Connecticut,2022,#Jobs,Without Imports,,N/A - Data are not available.,Importers
Connecticut,2022,#Jobs,Without Imports,19,,Seafood Wholesalers & Distributors
Connecticut,2022,#Jobs,Without Imports,367,,Retail
Connecticut,2022,#Jobs,Without Imports,474,,Commercial Harvesters
Connecticut,2022,#Jobs,Without Imports,59,,Seafood Processors & Dealers
Connecticut,2022,#Jobs,Without Imports,919,,Total Impacts
Connecticut,2022,Income,With Imports,"103,846,723",,Importers
Connecticut,2022,Income,With Imports,"167,299,194",,Total Impacts
Connecticut,2022,Income,With Imports,"17,386,423",,Seafood Wholesalers & Distributors
Connecticut,2022,Income,With Imports,"31,035,618",,Retail
Connecticut,2022,Income,With Imports,"7,354,185",,Seafood Processors & Dealers
Connecticut,2022,Income,With Imports,"7,676,245",,Commercial Harvesters
Connecticut,2022,Income,Without Imports,"18,467,027",,Total Impacts
Connecticut,2022,Income,Without Imports,"2,313,386",,Seafood Processors & Dealers
Connecticut,2022,Income,Without Imports,"7,513,551",,Retail
Connecticut,2022,Income,Without Imports,"7,676,245",,Commercial Harvesters
Connecticut,2022,Income,Without Imports,"963,845",,Seafood Wholesalers & Distributors
Connecticut,2022,Income,Without Imports,,N/A - Data are not available.,Importers
Connecticut,2022,Sales,With Imports,"19,257,491",,Seafood Processors & Dealers
Connecticut,2022,Sales,With Imports,"27,986,347",,Commercial Harvesters
Connecticut,2022,Sales,With Imports,"53,117,659",,Seafood Wholesalers & Distributors
Connecticut,2022,Sales,With Imports,"647,952,340",,Importers
Connecticut,2022,Sales,With Imports,"70,204,463",,Retail
Connecticut,2022,Sales,With Imports,"818,518,299",,Total Impacts
Connecticut,2022,Sales,Without Imports,"17,306,339",,Retail
Connecticut,2022,Sales,Without Imports,"2,944,660",,Seafood Wholesalers & Distributors
Connecticut,2022,Sales,Without Imports,"27,986,347",,Commercial Harvesters
Connecticut,2022,Sales,Without Imports,"54,295,122",,Total Impacts
Connecticut,2022,Sales,Without Imports,"6,057,776",,Seafood Processors & Dealers
Connecticut,2022,Sales,Without Imports,,N/A - Data are not available.,Importers
Connecticut,2022,Value Added,With Imports,"11,827,146",,Commercial Harvesters
Connecticut,2022,Value Added,With Imports,"197,524,243",,Importers
Connecticut,2022,Value Added,With Imports,"23,360,017",,Seafood Wholesalers & Distributors
Connecticut,2022,Value Added,With Imports,"282,070,248",,Total Impacts
Connecticut,2022,Value Added,With Imports,"39,852,131",,Retail
Connecticut,2022,Value Added,With Imports,"9,506,711",,Seafood Processors & Dealers
Connecticut,2022,Value Added,Without Imports,"1,295,000",,Seafood Wholesalers & Distributors
Connecticut,2022,Value Added,Without Imports,"11,827,146",,Commercial Harvesters
Connecticut,2022,Value Added,Without Imports,"2,990,500",,Seafood Processors & Dealers
Connecticut,2022,Value Added,Without Imports,"25,816,806",,Total Impacts
Connecticut,2022,Value Added,Without Imports,"9,704,159",,Retail
Connecticut,2022,Value Added,Without Imports,,N/A - Data are not available.,Importers
Delaware,2022,#Jobs,With Imports,"1,085",,Total Impacts
Delaware,2022,#Jobs,With Imports,107,,Seafood Processors & Dealers
Delaware,2022,#Jobs,With Imports,251,,Retail
Delaware,2022,#Jobs,With Imports,303,,Importers
Delaware,2022,#Jobs,With Imports,332,,Commercial Harvesters
Delaware,2022,#Jobs,With Imports,92,,Seafood Wholesalers & Distributors
Delaware,2022,#Jobs,Without Imports,,N/A - Data are not available.,Importers
Delaware,2022,#Jobs,Without Imports,218,,Retail
Delaware,2022,#Jobs,Without Imports,332,,Commercial Harvesters
Delaware,2022,#Jobs,Without Imports,42,,Seafood Wholesalers & Distributors
Delaware,2022,#Jobs,Without Imports,63,,Seafood Processors & Dealers
Delaware,2022,#Jobs,Without Imports,654,,Total Impacts
Delaware,2022,Income,With Imports,"13,377,123",,Importers
Delaware,2022,Income,With Imports,"3,337,530",,Seafood Processors & Dealers
Delaware,2022,Income,With Imports,"33,780,971",,Total Impacts
Delaware,2022,Income,With Imports,"4,674,488",,Seafood Wholesalers & Distributors
Delaware,2022,Income,With Imports,"5,561,308",,Retail
Delaware,2022,Income,With Imports,"6,830,520",,Commercial Harvesters
Delaware,2022,Income,Without Imports,"1,955,387",,Seafood Processors & Dealers
Delaware,2022,Income,Without Imports,"15,736,730",,Total Impacts
Delaware,2022,Income,Without Imports,"2,134,121",,Seafood Wholesalers & Distributors
Delaware,2022,Income,Without Imports,"4,816,701",,Retail
Delaware,2022,Income,Without Imports,"6,830,520",,Commercial Harvesters
Delaware,2022,Income,Without Imports,,N/A - Data are not available.,Importers
Delaware,2022,Sales,With Imports,"12,293,490",,Seafood Wholesalers & Distributors
Delaware,2022,Sales,With Imports,"176,054,099",,Total Impacts
Delaware,2022,Sales,With Imports,"18,969,720",,Seafood Processors & Dealers
Delaware,2022,Sales,With Imports,"28,705,819",,Commercial Harvesters
Delaware,2022,Sales,With Imports,"32,618,416",,Retail
Delaware,2022,Sales,With Imports,"83,466,654",,Importers
Delaware,2022,Sales,Without Imports,"11,113,949",,Seafood Processors & Dealers
Delaware,2022,Sales,Without Imports,"28,286,722",,Retail
Delaware,2022,Sales,Without Imports,"28,705,819",,Commercial Harvesters
Delaware,2022,Sales,Without Imports,"5,612,473",,Seafood Wholesalers & Distributors
Delaware,2022,Sales,Without Imports,"73,718,963",,Total Impacts
Delaware,2022,Sales,Without Imports,,N/A - Data are not available.,Importers
Delaware,2022,Value Added,With Imports,"10,971,341",,Retail
Delaware,2022,Value Added,With Imports,"25,444,290",,Importers
Delaware,2022,Value Added,With Imports,"5,572,956",,Seafood Wholesalers & Distributors
Delaware,2022,Value Added,With Imports,"57,654,233",,Total Impacts
Delaware,2022,Value Added,With Imports,"6,416,494",,Seafood Processors & Dealers
Delaware,2022,Value Added,With Imports,"9,249,152",,Commercial Harvesters
Delaware,2022,Value Added,Without Imports,"2,544,285",,Seafood Wholesalers & Distributors
Delaware,2022,Value Added,Without Imports,"25,048,749",,Total Impacts
Delaware,2022,Value Added,Without Imports,"3,759,286",,Seafood Processors & Dealers
Delaware,2022,Value Added,Without Imports,"9,249,152",,Commercial Harvesters
Delaware,2022,Value Added,Without Imports,"9,496,026",,Retail
Delaware,2022,Value Added,Without Imports,,N/A - Data are not available.,Importers
Georgia,2022,#Jobs,With Imports,"10,341",,Retail
Georgia,2022,#Jobs,With Imports,"10,665",,Importers
Georgia,2022,#Jobs,With Imports,"2,121",,Seafood Processors & Dealers
Georgia,2022,#Jobs,With Imports,"2,220",,Seafood Wholesalers & Distributors
Georgia,2022,#Jobs,With Imports,"25,840",,Total Impacts
Georgia,2022,#Jobs,With Imports,494,,Commercial Harvesters
Georgia,2022,#Jobs,Without Imports,"1,164",,Total Impacts
Georgia,2022,#Jobs,Without Imports,,N/A - Data are not available.,Importers
Georgia,2022,#Jobs,Without Imports,113,,Seafood Processors & Dealers
Georgia,2022,#Jobs,Without Imports,36,,Seafood Wholesalers & Distributors
Georgia,2022,#Jobs,Without Imports,494,,Commercial Harvesters
Georgia,2022,#Jobs,Without Imports,522,,Retail
Georgia,2022,Income,With Imports,"192,642,140",,Retail
Georgia,2022,Income,With Imports,"470,198,854",,Importers
Georgia,2022,Income,With Imports,"6,253,305",,Commercial Harvesters
Georgia,2022,Income,With Imports,"63,830,448",,Seafood Processors & Dealers
Georgia,2022,Income,With Imports,"826,286,972",,Total Impacts
Georgia,2022,Income,With Imports,"93,362,225",,Seafood Wholesalers & Distributors
Georgia,2022,Income,Without Imports,"1,495,343",,Seafood Wholesalers & Distributors
Georgia,2022,Income,Without Imports,"20,630,417",,Total Impacts
Georgia,2022,Income,Without Imports,"3,401,356",,Seafood Processors & Dealers
Georgia,2022,Income,Without Imports,"6,253,305",,Commercial Harvesters
Georgia,2022,Income,Without Imports,"9,480,413",,Retail
Georgia,2022,Income,Without Imports,,N/A - Data are not available.,Importers
Georgia,2022,Sales,With Imports,"165,625,492",,Seafood Processors & Dealers
Georgia,2022,Sales,With Imports,"17,633,169",,Commercial Harvesters
Georgia,2022,Sales,With Imports,"2,933,808,982",,Importers
Georgia,2022,Sales,With Imports,"270,718,214",,Seafood Wholesalers & Distributors
Georgia,2022,Sales,With Imports,"3,830,171,707",,Total Impacts
Georgia,2022,Sales,With Imports,"442,385,849",,Retail
Georgia,2022,Sales,Without Imports,"17,633,169",,Commercial Harvesters
Georgia,2022,Sales,Without Imports,"21,987,604",,Retail
Georgia,2022,Sales,Without Imports,"4,336,022",,Seafood Wholesalers & Distributors
Georgia,2022,Sales,Without Imports,"52,782,542",,Total Impacts
Georgia,2022,Sales,Without Imports,"8,825,746",,Seafood Processors & Dealers
Georgia,2022,Sales,Without Imports,,N/A - Data are not available.,Importers
Georgia,2022,Value Added,With Imports,"1,374,987,995",,Total Impacts
Georgia,2022,Value Added,With Imports,"131,202,100",,Seafood Wholesalers & Distributors
Georgia,2022,Value Added,With Imports,"256,228,141",,Retail
Georgia,2022,Value Added,With Imports,"8,947,493",,Commercial Harvesters
Georgia,2022,Value Added,With Imports,"84,256,831",,Seafood Processors & Dealers
Georgia,2022,Value Added,With Imports,"894,353,431",,Importers
Georgia,2022,Value Added,Without Imports,"12,661,645",,Retail
Georgia,2022,Value Added,Without Imports,"2,101,408",,Seafood Wholesalers & Distributors
Georgia,2022,Value Added,Without Imports,"28,200,370",,Total Impacts
Georgia,2022,Value Added,Without Imports,"4,489,825",,Seafood Processors & Dealers
Georgia,2022,Value Added,Without Imports,"8,947,493",,Commercial Harvesters
Georgia,2022,Value Added,Without Imports,,N/A - Data are not available.,Importers
Hawaii,2022,#Jobs,With Imports,"1,153",,Importers
Hawaii,2022,#Jobs,With Imports,"10,229",,Total Impacts
Hawaii,2022,#Jobs,With Imports,"3,149",,Retail
Hawaii,2022,#Jobs,With Imports,"4,548",,Commercial Harvesters
Hawaii,2022,#Jobs,With Imports,512,,Seafood Wholesalers & Distributors
Hawaii,2022,#Jobs,With Imports,867,,Seafood Processors & Dealers
Hawaii,2022,#Jobs,Without Imports,"2,823",,Retail
Hawaii,2022,#Jobs,Without Imports,"4,548",,Commercial Harvesters
Hawaii,2022,#Jobs,Without Imports,"8,149",,Total Impacts
Hawaii,2022,#Jobs,Without Imports,,N/A - Data are not available.,Importers
Hawaii,2022,#Jobs,Without Imports,254,,Seafood Wholesalers & Distributors
Hawaii,2022,#Jobs,Without Imports,525,,Seafood Processors & Dealers
Hawaii,2022,Income,With Imports,"16,895,045",,Seafood Wholesalers & Distributors
Hawaii,2022,Income,With Imports,"249,573,394",,Total Impacts
Hawaii,2022,Income,With Imports,"29,854,686",,Seafood Processors & Dealers
Hawaii,2022,Income,With Imports,"50,829,959",,Importers
Hawaii,2022,Income,With Imports,"69,568,816",,Retail
Hawaii,2022,Income,With Imports,"82,424,887",,Commercial Harvesters
Hawaii,2022,Income,Without Imports,"170,779,597",,Total Impacts
Hawaii,2022,Income,Without Imports,"18,084,587",,Seafood Processors & Dealers
Hawaii,2022,Income,Without Imports,"61,897,219",,Retail
Hawaii,2022,Income,Without Imports,"8,372,903",,Seafood Wholesalers & Distributors
Hawaii,2022,Income,Without Imports,"82,424,887",,Commercial Harvesters
Hawaii,2022,Income,Without Imports,,N/A - Data are not available.,Importers
Hawaii,2022,Sales,With Imports,"157,978,250",,Retail
Hawaii,2022,Sales,With Imports,"224,978,831",,Commercial Harvesters
Hawaii,2022,Sales,With Imports,"317,153,878",,Importers
Hawaii,2022,Sales,With Imports,"48,171,413",,Seafood Wholesalers & Distributors
Hawaii,2022,Sales,With Imports,"75,419,428",,Seafood Processors & Dealers
Hawaii,2022,Sales,With Imports,"823,701,800",,Total Impacts
Hawaii,2022,Sales,Without Imports,"141,134,510",,Retail
Hawaii,2022,Sales,Without Imports,"224,978,831",,Commercial Harvesters
Hawaii,2022,Sales,Without Imports,"23,872,954",,Seafood Wholesalers & Distributors
Hawaii,2022,Sales,Without Imports,"435,671,894",,Total Impacts
Hawaii,2022,Sales,Without Imports,"45,685,599",,Seafood Processors & Dealers
Hawaii,2022,Sales,Without Imports,,N/A - Data are not available.,Importers
Hawaii,2022,Value Added,With Imports,"118,252,221",,Commercial Harvesters
Hawaii,2022,Value Added,With Imports,"22,475,335",,Seafood Wholesalers & Distributors
Hawaii,2022,Value Added,With Imports,"366,492,019",,Total Impacts
Hawaii,2022,Value Added,With Imports,"38,503,972",,Seafood Processors & Dealers
Hawaii,2022,Value Added,With Imports,"90,578,102",,Retail
Hawaii,2022,Value Added,With Imports,"96,682,388",,Importers
Hawaii,2022,Value Added,Without Imports,"11,138,401",,Seafood Wholesalers & Distributors
Hawaii,2022,Value Added,Without Imports,"118,252,221",,Commercial Harvesters
Hawaii,2022,Value Added,Without Imports,"23,323,924",,Seafood Processors & Dealers
Hawaii,2022,Value Added,Without Imports,"233,410,467",,Total Impacts
Hawaii,2022,Value Added,Without Imports,"80,695,921",,Retail
Hawaii,2022,Value Added,Without Imports,,N/A - Data are not available.,Importers
Louisiana,2022,#Jobs,With Imports,"1,082",,Seafood Wholesalers & Distributors
Louisiana,2022,#Jobs,With Imports,"13,167",,Commercial Harvesters
Louisiana,2022,#Jobs,With Imports,"14,810",,Retail
Louisiana,2022,#Jobs,With Imports,"2,937",,Seafood Processors & Dealers
Louisiana,2022,#Jobs,With Imports,"32,514",,Total Impacts
Louisiana,2022,#Jobs,With Imports,517,,Importers
Louisiana,2022,#Jobs,Without Imports,"13,167",,Commercial Harvesters
Louisiana,2022,#Jobs,Without Imports,"14,633",,Retail
Louisiana,2022,#Jobs,Without Imports,"2,771",,Seafood Processors & Dealers
Louisiana,2022,#Jobs,Without Imports,"31,553",,Total Impacts
Louisiana,2022,#Jobs,Without Imports,,N/A - Data are not available.,Importers
Louisiana,2022,#Jobs,Without Imports,982,,Seafood Wholesalers & Distributors
Louisiana,2022,Income,With Imports,"216,610,291",,Commercial Harvesters
Louisiana,2022,Income,With Imports,"22,807,468",,Importers
Louisiana,2022,Income,With Imports,"248,491,720",,Retail
Louisiana,2022,Income,With Imports,"39,962,241",,Seafood Wholesalers & Distributors
Louisiana,2022,Income,With Imports,"623,461,885",,Total Impacts
Louisiana,2022,Income,With Imports,"95,590,165",,Seafood Processors & Dealers
Louisiana,2022,Income,Without Imports,"216,610,291",,Commercial Harvesters
Louisiana,2022,Income,Without Imports,"245,144,942",,Retail
Louisiana,2022,Income,Without Imports,"36,279,522",,Seafood Wholesalers & Distributors
Louisiana,2022,Income,Without Imports,"588,204,694",,Total Impacts
Louisiana,2022,Income,Without Imports,"90,169,939",,Seafood Processors & Dealers
Louisiana,2022,Income,Without Imports,,N/A - Data are not available.,Importers
Louisiana,2022,Sales,With Imports,"1,638,431,838",,Total Impacts
Louisiana,2022,Sales,With Imports,"117,305,032",,Seafood Wholesalers & Distributors
Louisiana,2022,Sales,With Imports,"142,307,353",,Importers
Louisiana,2022,Sales,With Imports,"246,443,325",,Seafood Processors & Dealers
Louisiana,2022,Sales,With Imports,"556,518,227",,Retail
Louisiana,2022,Sales,With Imports,"575,857,901",,Commercial Harvesters
Louisiana,2022,Sales,Without Imports,"1,464,126,105",,Total Impacts
Louisiana,2022,Sales,Without Imports,"106,494,794",,Seafood Wholesalers & Distributors
Louisiana,2022,Sales,Without Imports,"232,469,308",,Seafood Processors & Dealers
Louisiana,2022,Sales,Without Imports,"549,304,103",,Retail
Louisiana,2022,Sales,Without Imports,"575,857,901",,Commercial Harvesters
Louisiana,2022,Sales,Without Imports,,N/A - Data are not available.,Importers
Louisiana,2022,Value Added,With Imports,"121,929,147",,Seafood Processors & Dealers
Louisiana,2022,Value Added,With Imports,"304,850,288",,Commercial Harvesters
Louisiana,2022,Value Added,With Imports,"315,970,101",,Retail
Louisiana,2022,Value Added,With Imports,"43,381,512",,Importers
Louisiana,2022,Value Added,With Imports,"51,728,795",,Seafood Wholesalers & Distributors
Louisiana,2022,Value Added,With Imports,"837,859,844",,Total Impacts
Louisiana,2022,Value Added,Without Imports,"115,015,427",,Seafood Processors & Dealers
Louisiana,2022,Value Added,Without Imports,"304,850,288",,Commercial Harvesters
Louisiana,2022,Value Added,Without Imports,"311,759,198",,Retail
Louisiana,2022,Value Added,Without Imports,"46,961,717",,Seafood Wholesalers & Distributors
Louisiana,2022,Value Added,Without Imports,"778,586,631",,Total Impacts
Louisiana,2022,Value Added,Without Imports,,N/A - Data are not available.,Importers
Maine,2022,#Jobs,With Imports,"19,646",,Commercial Harvesters
Maine,2022,#Jobs,With Imports,"2,176",,Seafood Wholesalers & Distributors
Maine,2022,#Jobs,With Imports,"21,080",,Retail
Maine,2022,#Jobs,With Imports,"3,965",,Seafood Processors & Dealers
Maine,2022,#Jobs,With Imports,"4,947",,Importers
Maine,2022,#Jobs,With Imports,"51,814",,Total Impacts
Maine,2022,#Jobs,Without Imports,"1,140",,Seafood Wholesalers & Distributors
Maine,2022,#Jobs,Without Imports,"16,563",,Retail
Maine,2022,#Jobs,Without Imports,"19,646",,Commercial Harvesters
Maine,2022,#Jobs,Without Imports,"3,028",,Seafood Processors & Dealers
Maine,2022,#Jobs,Without Imports,"40,378",,Total Impacts
Maine,2022,#Jobs,Without Imports,,N/A - Data are not available.,Importers
Maine,2022,Income,With Imports,"1,068,338,524",,Total Impacts
Maine,2022,Income,With Imports,"110,600,917",,Seafood Processors & Dealers
Maine,2022,Income,With Imports,"218,077,262",,Importers
Maine,2022,Income,With Imports,"307,435,978",,Commercial Harvesters
Maine,2022,Income,With Imports,"358,152,127",,Retail
Maine,2022,Income,With Imports,"74,072,240",,Seafood Wholesalers & Distributors
Maine,2022,Income,Without Imports,"279,556,536",,Retail
Maine,2022,Income,Without Imports,"307,435,978",,Commercial Harvesters
Maine,2022,Income,Without Imports,"38,819,506",,Seafood Wholesalers & Distributors
Maine,2022,Income,Without Imports,"710,282,955",,Total Impacts
Maine,2022,Income,Without Imports,"84,470,935",,Seafood Processors & Dealers
Maine,2022,Income,Without Imports,,N/A - Data are not available.,Importers
Maine,2022,Sales,With Imports,"1,119,797,729",,Commercial Harvesters
Maine,2022,Sales,With Imports,"1,360,694,577",,Importers
Maine,2022,Sales,With Imports,"206,495,038",,Seafood Wholesalers & Distributors
Maine,2022,Sales,With Imports,"275,477,564",,Seafood Processors & Dealers
Maine,2022,Sales,With Imports,"3,766,658,695",,Total Impacts
Maine,2022,Sales,With Imports,"804,193,787",,Retail
Maine,2022,Sales,Without Imports,"1,119,797,729",,Commercial Harvesters
Maine,2022,Sales,Without Imports,"108,219,179",,Seafood Wholesalers & Distributors
Maine,2022,Sales,Without Imports,"2,067,607,663",,Total Impacts
Maine,2022,Sales,Without Imports,"210,394,706",,Seafood Processors & Dealers
Maine,2022,Sales,Without Imports,"629,196,048",,Retail
Maine,2022,Sales,Without Imports,,N/A - Data are not available.,Importers
Maine,2022,Value Added,With Imports,"1,613,069,505",,Total Impacts
Maine,2022,Value Added,With Imports,"141,323,124",,Seafood Processors & Dealers
Maine,2022,Value Added,With Imports,"414,799,283",,Importers
Maine,2022,Value Added,With Imports,"458,688,683",,Retail
Maine,2022,Value Added,With Imports,"501,871,618",,Commercial Harvesters
Maine,2022,Value Added,With Imports,"96,386,797",,Seafood Wholesalers & Distributors
Maine,2022,Value Added,Without Imports,"1,018,598,176",,Total Impacts
Maine,2022,Value Added,Without Imports,"107,934,877",,Seafood Processors & Dealers
Maine,2022,Value Added,Without Imports,"358,277,633",,Retail
Maine,2022,Value Added,Without Imports,"50,514,047",,Seafood Wholesalers & Distributors
Maine,2022,Value Added,Without Imports,"501,871,618",,Commercial Harvesters
Maine,2022,Value Added,Without Imports,,N/A - Data are not available.,Importers
Maryland,2022,#Jobs,With Imports,"11,172",,Retail
Maryland,2022,#Jobs,With Imports,"11,421",,Importers
Maryland,2022,#Jobs,With Imports,"2,063",,Seafood Wholesalers & Distributors
Maryland,2022,#Jobs,With Imports,"2,887",,Commercial Harvesters
Maryland,2022,#Jobs,With Imports,"31,689",,Total Impacts
Maryland,2022,#Jobs,With Imports,"4,147",,Seafood Processors & Dealers
Maryland,2022,#Jobs,Without Imports,"2,887",,Commercial Harvesters
Maryland,2022,#Jobs,Without Imports,"3,159",,Retail
Maryland,2022,#Jobs,Without Imports,"6,911",,Total Impacts
Maryland,2022,#Jobs,Without Imports,,N/A - Data are not available.,Importers
Maryland,2022,#Jobs,Without Imports,208,,Seafood Wholesalers & Distributors
Maryland,2022,#Jobs,Without Imports,658,,Seafood Processors & Dealers
Maryland,2022,Income,With Imports,"142,471,347",,Seafood Processors & Dealers
Maryland,2022,Income,With Imports,"214,745,318",,Retail
Maryland,2022,Income,With Imports,"39,358,160",,Commercial Harvesters
Maryland,2022,Income,With Imports,"503,508,021",,Importers
Maryland,2022,Income,With Imports,"92,019,313",,Seafood Wholesalers & Distributors
Maryland,2022,Income,With Imports,"992,102,159",,Total Impacts
Maryland,2022,Income,Without Imports,"132,207,933",,Total Impacts
Maryland,2022,Income,Without Imports,"22,594,905",,Seafood Processors & Dealers
Maryland,2022,Income,Without Imports,"39,358,160",,Commercial Harvesters
Maryland,2022,Income,Without Imports,"60,991,679",,Retail
Maryland,2022,Income,Without Imports,"9,263,189",,Seafood Wholesalers & Distributors
Maryland,2022,Income,Without Imports,,N/A - Data are not available.,Importers
Maryland,2022,Sales,With Imports,"138,670,200",,Commercial Harvesters
Maryland,2022,Sales,With Imports,"270,705,325",,Seafood Wholesalers & Distributors
Maryland,2022,Sales,With Imports,"3,141,641,754",,Importers
Maryland,2022,Sales,With Imports,"365,599,096",,Seafood Processors & Dealers
Maryland,2022,Sales,With Imports,"4,405,062,067",,Total Impacts
Maryland,2022,Sales,With Imports,"488,445,692",,Retail
Maryland,2022,Sales,Without Imports,"138,581,498",,Retail
Maryland,2022,Sales,Without Imports,"138,670,200",,Commercial Harvesters
Maryland,2022,Sales,Without Imports,"27,251,078",,Seafood Wholesalers & Distributors
Maryland,2022,Sales,Without Imports,"362,484,100",,Total Impacts
Maryland,2022,Sales,Without Imports,"57,981,324",,Seafood Processors & Dealers
Maryland,2022,Sales,Without Imports,,N/A - Data are not available.,Importers
Maryland,2022,Value Added,With Imports,"1,598,008,548",,Total Impacts
Maryland,2022,Value Added,With Imports,"122,184,348",,Seafood Wholesalers & Distributors
Maryland,2022,Value Added,With Imports,"181,928,500",,Seafood Processors & Dealers
Maryland,2022,Value Added,With Imports,"274,634,326",,Retail
Maryland,2022,Value Added,With Imports,"61,551,415",,Commercial Harvesters
Maryland,2022,Value Added,With Imports,"957,709,959",,Importers
Maryland,2022,Value Added,Without Imports,"12,299,791",,Seafood Wholesalers & Distributors
Maryland,2022,Value Added,Without Imports,"180,689,851",,Total Impacts
Maryland,2022,Value Added,Without Imports,"28,852,521",,Seafood Processors & Dealers
Maryland,2022,Value Added,Without Imports,"61,551,415",,Commercial Harvesters
Maryland,2022,Value Added,Without Imports,"77,986,125",,Retail
Maryland,2022,Value Added,Without Imports,,N/A - Data are not available.,Importers
Massachusetts,2022,#Jobs,With Imports,"114,543",,Retail
Massachusetts,2022,#Jobs,With Imports,"16,315",,Commercial Harvesters
Massachusetts,2022,#Jobs,With Imports,"213,943",,Total Impacts
Massachusetts,2022,#Jobs,With Imports,"24,256",,Seafood Processors & Dealers
Massachusetts,2022,#Jobs,With Imports,"50,349",,Importers
Massachusetts,2022,#Jobs,With Imports,"8,480",,Seafood Wholesalers & Distributors
Massachusetts,2022,#Jobs,Without Imports,"1,665",,Seafood Wholesalers & Distributors
Massachusetts,2022,#Jobs,Without Imports,"16,315",,Commercial Harvesters
Massachusetts,2022,#Jobs,Without Imports,"4,444",,Seafood Processors & Dealers
Massachusetts,2022,#Jobs,Without Imports,"68,234",,Retail
Massachusetts,2022,#Jobs,Without Imports,"90,658",,Total Impacts
Massachusetts,2022,#Jobs,Without Imports,,N/A - Data are not available.,Importers
Massachusetts,2022,Income,With Imports,"1,187,368,198",,Seafood Processors & Dealers
Massachusetts,2022,Income,With Imports,"2,219,711,152",,Importers
Massachusetts,2022,Income,With Imports,"401,557,926",,Commercial Harvesters
Massachusetts,2022,Income,With Imports,"435,975,070",,Seafood Wholesalers & Distributors
Massachusetts,2022,Income,With Imports,"5,231,543,053",,Total Impacts
Massachusetts,2022,Income,With Imports,"986,930,707",,Retail
Massachusetts,2022,Income,Without Imports,"1,272,680,067",,Total Impacts
Massachusetts,2022,Income,Without Imports,"217,552,368",,Seafood Processors & Dealers
Massachusetts,2022,Income,Without Imports,"401,557,926",,Commercial Harvesters
Massachusetts,2022,Income,Without Imports,"567,974,575",,Retail
Massachusetts,2022,Income,Without Imports,"85,595,198",,Seafood Wholesalers & Distributors
Massachusetts,2022,Income,Without Imports,,N/A - Data are not available.,Importers
Massachusetts,2022,Sales,With Imports,"1,255,809,007",,Commercial Harvesters
Massachusetts,2022,Sales,With Imports,"1,334,141,574",,Seafood Wholesalers & Distributors
Massachusetts,2022,Sales,With Imports,"13,849,902,980",,Importers
Massachusetts,2022,Sales,With Imports,"2,292,588,635",,Retail
Massachusetts,2022,Sales,With Imports,"21,846,771,693",,Total Impacts
Massachusetts,2022,Sales,With Imports,"3,114,329,497",,Seafood Processors & Dealers
Massachusetts,2022,Sales,Without Imports,"1,255,809,007",,Commercial Harvesters
Massachusetts,2022,Sales,Without Imports,"1,324,008,697",,Retail
Massachusetts,2022,Sales,Without Imports,"261,932,477",,Seafood Wholesalers & Distributors
Massachusetts,2022,Sales,Without Imports,"3,412,364,886",,Total Impacts
Massachusetts,2022,Sales,Without Imports,"570,614,705",,Seafood Processors & Dealers
Massachusetts,2022,Sales,Without Imports,,N/A - Data are not available.,Importers
Massachusetts,2022,Value Added,With Imports,"1,274,378,743",,Retail
Massachusetts,2022,Value Added,With Imports,"1,543,786,057",,Seafood Processors & Dealers
Massachusetts,2022,Value Added,With Imports,"4,222,056,828",,Importers
Massachusetts,2022,Value Added,With Imports,"587,922,231",,Commercial Harvesters
Massachusetts,2022,Value Added,With Imports,"591,552,390",,Seafood Wholesalers & Distributors
Massachusetts,2022,Value Added,With Imports,"8,219,696,248",,Total Impacts
Massachusetts,2022,Value Added,Without Imports,"1,720,903,618",,Total Impacts
Massachusetts,2022,Value Added,Without Imports,"116,139,755",,Seafood Wholesalers & Distributors
Massachusetts,2022,Value Added,Without Imports,"282,856,077",,Seafood Processors & Dealers
Massachusetts,2022,Value Added,Without Imports,"587,922,231",,Commercial Harvesters
Massachusetts,2022,Value Added,Without Imports,"733,985,554",,Retail
Massachusetts,2022,Value Added,Without Imports,,N/A - Data are not available.,Importers
Mississippi,2022,#Jobs,With Imports,"1,451",,Seafood Processors & Dealers
Mississippi,2022,#Jobs,With Imports,"1,646",,Commercial Harvesters
Mississippi,2022,#Jobs,With Imports,"3,646",,Retail
Mississippi,2022,#Jobs,With Imports,"6,954",,Total Impacts
Mississippi,2022,#Jobs,With Imports,161,,Seafood Wholesalers & Distributors
Mississippi,2022,#Jobs,With Imports,50,,Importers
Mississippi,2022,#Jobs,Without Imports,"1,350",,Seafood Processors & Dealers
Mississippi,2022,#Jobs,Without Imports,"1,646",,Commercial Harvesters
Mississippi,2022,#Jobs,Without Imports,"3,635",,Retail
Mississippi,2022,#Jobs,Without Imports,"6,792",,Total Impacts
Mississippi,2022,#Jobs,Without Imports,,N/A - Data are not available.,Importers
Mississippi,2022,#Jobs,Without Imports,161,,Seafood Wholesalers & Distributors
Mississippi,2022,Income,With Imports,"126,920,829",,Total Impacts
Mississippi,2022,Income,With Imports,"2,205,934",,Importers
Mississippi,2022,Income,With Imports,"24,727,584",,Commercial Harvesters
Mississippi,2022,Income,With Imports,"42,788,905",,Seafood Processors & Dealers
Mississippi,2022,Income,With Imports,"5,247,400",,Seafood Wholesalers & Distributors
Mississippi,2022,Income,With Imports,"51,951,006",,Retail
Mississippi,2022,Income,Without Imports,"121,571,412",,Total Impacts
Mississippi,2022,Income,Without Imports,"24,727,584",,Commercial Harvesters
Mississippi,2022,Income,Without Imports,"39,835,239",,Seafood Processors & Dealers
Mississippi,2022,Income,Without Imports,"5,216,679",,Seafood Wholesalers & Distributors
Mississippi,2022,Income,Without Imports,"51,791,909",,Retail
Mississippi,2022,Income,Without Imports,,N/A - Data are not available.,Importers
Mississippi,2022,Sales,With Imports,"108,156,371",,Seafood Processors & Dealers
Mississippi,2022,Sales,With Imports,"114,839,536",,Retail
Mississippi,2022,Sales,With Imports,"13,763,938",,Importers
Mississippi,2022,Sales,With Imports,"14,870,619",,Seafood Wholesalers & Distributors
Mississippi,2022,Sales,With Imports,"329,348,555",,Total Impacts
Mississippi,2022,Sales,With Imports,"77,718,090",,Commercial Harvesters
Mississippi,2022,Sales,Without Imports,"100,690,468",,Seafood Processors & Dealers
Mississippi,2022,Sales,Without Imports,"114,487,713",,Retail
Mississippi,2022,Sales,Without Imports,"14,783,559",,Seafood Wholesalers & Distributors
Mississippi,2022,Sales,Without Imports,"307,679,830",,Total Impacts
Mississippi,2022,Sales,Without Imports,"77,718,090",,Commercial Harvesters
Mississippi,2022,Sales,Without Imports,,N/A - Data are not available.,Importers
Mississippi,2022,Value Added,With Imports,"165,074,427",,Total Impacts
Mississippi,2022,Value Added,With Imports,"35,276,028",,Commercial Harvesters
Mississippi,2022,Value Added,With Imports,"4,195,851",,Importers
Mississippi,2022,Value Added,With Imports,"53,615,831",,Seafood Processors & Dealers
Mississippi,2022,Value Added,With Imports,"6,611,038",,Seafood Wholesalers & Distributors
Mississippi,2022,Value Added,With Imports,"65,375,678",,Retail
Mississippi,2022,Value Added,Without Imports,"156,938,621",,Total Impacts
Mississippi,2022,Value Added,Without Imports,"35,276,028",,Commercial Harvesters
Mississippi,2022,Value Added,Without Imports,"49,914,795",,Seafood Processors & Dealers
Mississippi,2022,Value Added,Without Imports,"6,572,334",,Seafood Wholesalers & Distributors
Mississippi,2022,Value Added,Without Imports,"65,175,464",,Retail
Mississippi,2022,Value Added,Without Imports,,N/A - Data are not available.,Importers
New Hampshire,2022,#Jobs,With Imports,"1,123",,Commercial Harvesters
New Hampshire,2022,#Jobs,With Imports,"3,102",,Importers
New Hampshire,2022,#Jobs,With Imports,"4,233",,Retail
New Hampshire,2022,#Jobs,With Imports,"9,685",,Total Impacts
New Hampshire,2022,#Jobs,With Imports,578,,Seafood Wholesalers & Distributors
New Hampshire,2022,#Jobs,With Imports,649,,Seafood Processors & Dealers
New Hampshire,2022,#Jobs,Without Imports,"1,123",,Commercial Harvesters
New Hampshire,2022,#Jobs,Without Imports,"1,602",,Retail
New Hampshire,2022,#Jobs,Without Imports,"3,083",,Total Impacts
New Hampshire,2022,#Jobs,Without Imports,,N/A - Data are not available.,Importers
New Hampshire,2022,#Jobs,Without Imports,100,,Seafood Wholesalers & Distributors
New Hampshire,2022,#Jobs,Without Imports,258,,Seafood Processors & Dealers
New Hampshire,2022,Income,With Imports,"136,776,051",,Importers
New Hampshire,2022,Income,With Imports,"18,503,845",,Commercial Harvesters
New Hampshire,2022,Income,With Imports,"25,825,819",,Seafood Wholesalers & Distributors
New Hampshire,2022,Income,With Imports,"27,448,355",,Seafood Processors & Dealers
New Hampshire,2022,Income,With Imports,"287,373,660",,Total Impacts
New Hampshire,2022,Income,With Imports,"78,819,589",,Retail
New Hampshire,2022,Income,Without Imports,"10,906,525",,Seafood Processors & Dealers
New Hampshire,2022,Income,Without Imports,"18,503,845",,Commercial Harvesters
New Hampshire,2022,Income,Without Imports,"29,512,955",,Retail
New Hampshire,2022,Income,Without Imports,"4,466,879",,Seafood Wholesalers & Distributors
New Hampshire,2022,Income,Without Imports,"63,390,205",,Total Impacts
New Hampshire,2022,Income,Without Imports,,N/A - Data are not available.,Importers
New Hampshire,2022,Sales,With Imports,"1,239,438,229",,Total Impacts
New Hampshire,2022,Sales,With Imports,"177,436,172",,Retail
New Hampshire,2022,Sales,With Imports,"65,469,908",,Commercial Harvesters
New Hampshire,2022,Sales,With Imports,"69,853,601",,Seafood Processors & Dealers
New Hampshire,2022,Sales,With Imports,"73,263,436",,Seafood Wholesalers & Distributors
New Hampshire,2022,Sales,With Imports,"853,415,111",,Importers
New Hampshire,2022,Sales,Without Imports,"12,671,773",,Seafood Wholesalers & Distributors
New Hampshire,2022,Sales,Without Imports,"172,729,941",,Total Impacts
New Hampshire,2022,Sales,Without Imports,"27,756,128",,Seafood Processors & Dealers
New Hampshire,2022,Sales,Without Imports,"65,469,908",,Commercial Harvesters
New Hampshire,2022,Sales,Without Imports,"66,832,132",,Retail
New Hampshire,2022,Sales,Without Imports,,N/A - Data are not available.,Importers
New Hampshire,2022,Value Added,With Imports,"101,943,568",,Retail
New Hampshire,2022,Value Added,With Imports,"260,158,291",,Importers
New Hampshire,2022,Value Added,With Imports,"28,736,026",,Commercial Harvesters
New Hampshire,2022,Value Added,With Imports,"33,986,281",,Seafood Wholesalers & Distributors
New Hampshire,2022,Value Added,With Imports,"35,392,674",,Seafood Processors & Dealers
New Hampshire,2022,Value Added,With Imports,"460,216,840",,Total Impacts
New Hampshire,2022,Value Added,Without Imports,"14,063,177",,Seafood Processors & Dealers
New Hampshire,2022,Value Added,Without Imports,"28,736,026",,Commercial Harvesters
New Hampshire,2022,Value Added,Without Imports,"38,243,916",,Retail
New Hampshire,2022,Value Added,Without Imports,"5,878,326",,Seafood Wholesalers & Distributors
New Hampshire,2022,Value Added,Without Imports,"86,921,445",,Total Impacts
New Hampshire,2022,Value Added,Without Imports,,N/A - Data are not available.,Importers
New Jersey,2022,#Jobs,With Imports,"2,212",,Seafood Processors & Dealers
New Jersey,2022,#Jobs,With Imports,"2,424",,Commercial Harvesters
New Jersey,2022,#Jobs,With Imports,"24,409",,Retail
New Jersey,2022,#Jobs,With Imports,"37,274",,Importers
New Jersey,2022,#Jobs,With Imports,"6,031",,Seafood Wholesalers & Distributors
New Jersey,2022,#Jobs,With Imports,"72,349",,Total Impacts
New Jersey,2022,#Jobs,Without Imports,"2,424",,Commercial Harvesters
New Jersey,2022,#Jobs,Without Imports,"3,300",,Retail
New Jersey,2022,#Jobs,Without Imports,"6,524",,Total Impacts
New Jersey,2022,#Jobs,Without Imports,,N/A - Data are not available.,Importers
New Jersey,2022,#Jobs,Without Imports,179,,Seafood Wholesalers & Distributors
New Jersey,2022,#Jobs,Without Imports,622,,Seafood Processors & Dealers
New Jersey,2022,Income,With Imports,"1,643,296,490",,Importers
New Jersey,2022,Income,With Imports,"2,640,070,840",,Total Impacts
New Jersey,2022,Income,With Imports,"308,266,905",,Seafood Wholesalers & Distributors
New Jersey,2022,Income,With Imports,"536,780,094",,Retail
New Jersey,2022,Income,With Imports,"74,268,527",,Commercial Harvesters
New Jersey,2022,Income,With Imports,"77,458,823",,Seafood Processors & Dealers
New Jersey,2022,Income,Without Imports,"174,106,421",,Total Impacts
New Jersey,2022,Income,Without Imports,"21,773,442",,Seafood Processors & Dealers
New Jersey,2022,Income,Without Imports,"68,923,232",,Retail
New Jersey,2022,Income,Without Imports,"74,268,527",,Commercial Harvesters
New Jersey,2022,Income,Without Imports,"9,141,220",,Seafood Wholesalers & Distributors
New Jersey,2022,Income,Without Imports,,N/A - Data are not available.,Importers
New Jersey,2022,Sales,With Imports,"1,225,226,394",,Retail
New Jersey,2022,Sales,With Imports,"10,253,359,735",,Importers
New Jersey,2022,Sales,With Imports,"12,924,946,319",,Total Impacts
New Jersey,2022,Sales,With Imports,"204,528,093",,Seafood Processors & Dealers
New Jersey,2022,Sales,With Imports,"282,693,575",,Commercial Harvesters
New Jersey,2022,Sales,With Imports,"959,138,522",,Seafood Wholesalers & Distributors
New Jersey,2022,Sales,Without Imports,"159,584,265",,Retail
New Jersey,2022,Sales,Without Imports,"28,441,889",,Seafood Wholesalers & Distributors
New Jersey,2022,Sales,Without Imports,"282,693,575",,Commercial Harvesters
New Jersey,2022,Sales,Without Imports,"528,211,961",,Total Impacts
New Jersey,2022,Sales,Without Imports,"57,492,231",,Seafood Processors & Dealers
New Jersey,2022,Sales,Without Imports,,N/A - Data are not available.,Importers
New Jersey,2022,Value Added,With Imports,"101,099,487",,Seafood Processors & Dealers
New Jersey,2022,Value Added,With Imports,"120,460,327",,Commercial Harvesters
New Jersey,2022,Value Added,With Imports,"3,125,672,977",,Importers
New Jersey,2022,Value Added,With Imports,"4,460,538,039",,Total Impacts
New Jersey,2022,Value Added,With Imports,"419,182,363",,Seafood Wholesalers & Distributors
New Jersey,2022,Value Added,With Imports,"694,122,885",,Retail
New Jersey,2022,Value Added,Without Imports,"12,430,262",,Seafood Wholesalers & Distributors
New Jersey,2022,Value Added,Without Imports,"120,460,327",,Commercial Harvesters
New Jersey,2022,Value Added,Without Imports,"250,820,041",,Total Impacts
New Jersey,2022,Value Added,Without Imports,"28,418,762",,Seafood Processors & Dealers
New Jersey,2022,Value Added,Without Imports,"89,510,690",,Retail
New Jersey,2022,Value Added,Without Imports,,N/A - Data are not available.,Importers
New York,2022,#Jobs,With Imports,"1,452",,Commercial Harvesters
New York,2022,#Jobs,With Imports,"1,567",,Seafood Processors & Dealers
New York,2022,#Jobs,With Imports,"26,746",,Importers
New York,2022,#Jobs,With Imports,"32,328",,Retail
New York,2022,#Jobs,With Imports,"69,836",,Total Impacts
New York,2022,#Jobs,With Imports,"7,742",,Seafood Wholesalers & Distributors
New York,2022,#Jobs,Without Imports,"1,302",,Retail
New York,2022,#Jobs,Without Imports,"1,452",,Commercial Harvesters
New York,2022,#Jobs,Without Imports,"2,970",,Total Impacts
New York,2022,#Jobs,Without Imports,,N/A - Data are not available.,Importers
New York,2022,#Jobs,Without Imports,107,,Seafood Wholesalers & Distributors
New York,2022,#Jobs,Without Imports,109,,Seafood Processors & Dealers
New York,2022,Income,With Imports,"1,179,154,213",,Importers
New York,2022,Income,With Imports,"1,899,437,535",,Total Impacts
New York,2022,Income,With Imports,"188,422,836",,Seafood Wholesalers & Distributors
New York,2022,Income,With Imports,"19,998,449",,Commercial Harvesters
New York,2022,Income,With Imports,"426,387,863",,Retail
New York,2022,Income,With Imports,"85,474,173",,Seafood Processors & Dealers
New York,2022,Income,Without Imports,"19,273,906",,Retail
New York,2022,Income,Without Imports,"19,998,449",,Commercial Harvesters
New York,2022,Income,Without Imports,"2,603,199",,Seafood Wholesalers & Distributors
New York,2022,Income,Without Imports,"47,816,081",,Total Impacts
New York,2022,Income,Without Imports,"5,940,526",,Seafood Processors & Dealers
New York,2022,Income,Without Imports,,N/A - Data are not available.,Importers
New York,2022,Sales,With Imports,"1,003,573,992",,Retail
New York,2022,Sales,With Imports,"224,805,055",,Seafood Processors & Dealers
New York,2022,Sales,With Imports,"557,359,837",,Seafood Wholesalers & Distributors
New York,2022,Sales,With Imports,"69,566,883",,Commercial Harvesters
New York,2022,Sales,With Imports,"7,357,340,814",,Importers
New York,2022,Sales,With Imports,"9,212,646,581",,Total Impacts
New York,2022,Sales,Without Imports,"138,514,907",,Total Impacts
New York,2022,Sales,Without Imports,"15,624,138",,Seafood Processors & Dealers
New York,2022,Sales,Without Imports,"45,623,564",,Retail
New York,2022,Sales,Without Imports,"69,566,883",,Commercial Harvesters
New York,2022,Sales,Without Imports,"7,700,322",,Seafood Wholesalers & Distributors
New York,2022,Sales,Without Imports,,N/A - Data are not available.,Importers
New York,2022,Value Added,With Imports,"111,178,483",,Seafood Processors & Dealers
New York,2022,Value Added,With Imports,"2,242,839,612",,Importers
New York,2022,Value Added,With Imports,"254,056,569",,Seafood Wholesalers & Distributors
New York,2022,Value Added,With Imports,"3,192,532,896",,Total Impacts
New York,2022,Value Added,With Imports,"30,754,899",,Commercial Harvesters
New York,2022,Value Added,With Imports,"553,703,332",,Retail
New York,2022,Value Added,Without Imports,"25,063,999",,Retail
New York,2022,Value Added,Without Imports,"3,509,976",,Seafood Wholesalers & Distributors
New York,2022,Value Added,Without Imports,"30,754,899",,Commercial Harvesters
New York,2022,Value Added,Without Imports,"67,055,870",,Total Impacts
New York,2022,Value Added,Without Imports,"7,726,997",,Seafood Processors & Dealers
New York,2022,Value Added,Without Imports,,N/A - Data are not available.,Importers
North Carolina,2022,#Jobs,With Imports,"1,973",,Commercial Harvesters
North Carolina,2022,#Jobs,With Imports,"2,247",,Importers
North Carolina,2022,#Jobs,With Imports,"3,997",,Retail
North Carolina,2022,#Jobs,With Imports,"9,356",,Total Impacts
North Carolina,2022,#Jobs,With Imports,527,,Seafood Wholesalers & Distributors
North Carolina,2022,#Jobs,With Imports,612,,Seafood Processors & Dealers
North Carolina,2022,#Jobs,Without Imports,"1,950",,Retail
North Carolina,2022,#Jobs,Without Imports,"1,973",,Commercial Harvesters
North Carolina,2022,#Jobs,Without Imports,"4,395",,Total Impacts
North Carolina,2022,#Jobs,Without Imports,,N/A - Data are not available.,Importers
North Carolina,2022,#Jobs,Without Imports,110,,Seafood Wholesalers & Distributors
North Carolina,2022,#Jobs,Without Imports,361,,Seafood Processors & Dealers
North Carolina,2022,Income,With Imports,"15,834,593",,Seafood Processors & Dealers
North Carolina,2022,Income,With Imports,"19,827,529",,Seafood Wholesalers & Distributors
North Carolina,2022,Income,With Imports,"242,930,582",,Total Impacts
North Carolina,2022,Income,With Imports,"44,246,777",,Commercial Harvesters
North Carolina,2022,Income,With Imports,"63,948,129",,Retail
North Carolina,2022,Income,With Imports,"99,073,554",,Importers
North Carolina,2022,Income,Without Imports,"30,886,320",,Retail
North Carolina,2022,Income,Without Imports,"4,159,893",,Seafood Wholesalers & Distributors
North Carolina,2022,Income,Without Imports,"44,246,777",,Commercial Harvesters
North Carolina,2022,Income,Without Imports,"88,624,920",,Total Impacts
North Carolina,2022,Income,Without Imports,"9,331,931",,Seafood Processors & Dealers
North Carolina,2022,Income,Without Imports,,N/A - Data are not available.,Importers
North Carolina,2022,Sales,With Imports,"105,822,109",,Commercial Harvesters
North Carolina,2022,Sales,With Imports,"144,219,032",,Retail
North Carolina,2022,Sales,With Imports,"40,726,141",,Seafood Processors & Dealers
North Carolina,2022,Sales,With Imports,"56,534,673",,Seafood Wholesalers & Distributors
North Carolina,2022,Sales,With Imports,"618,170,118",,Importers
North Carolina,2022,Sales,With Imports,"965,472,072",,Total Impacts
North Carolina,2022,Sales,Without Imports,"105,822,109",,Commercial Harvesters
North Carolina,2022,Sales,Without Imports,"11,861,217",,Seafood Wholesalers & Distributors
North Carolina,2022,Sales,Without Imports,"211,566,504",,Total Impacts
North Carolina,2022,Sales,Without Imports,"24,001,471",,Seafood Processors & Dealers
North Carolina,2022,Sales,Without Imports,"69,881,707",,Retail
North Carolina,2022,Sales,Without Imports,,N/A - Data are not available.,Importers
North Carolina,2022,Value Added,With Imports,"188,445,318",,Importers
North Carolina,2022,Value Added,With Imports,"20,461,665",,Seafood Processors & Dealers
North Carolina,2022,Value Added,With Imports,"26,170,638",,Seafood Wholesalers & Distributors
North Carolina,2022,Value Added,With Imports,"377,226,439",,Total Impacts
North Carolina,2022,Value Added,With Imports,"59,683,371",,Commercial Harvesters
North Carolina,2022,Value Added,With Imports,"82,465,448",,Retail
North Carolina,2022,Value Added,Without Imports,"117,101,193",,Total Impacts
North Carolina,2022,Value Added,Without Imports,"12,058,841",,Seafood Processors & Dealers
North Carolina,2022,Value Added,Without Imports,"39,868,288",,Retail
North Carolina,2022,Value Added,Without Imports,"5,490,694",,Seafood Wholesalers & Distributors
North Carolina,2022,Value Added,Without Imports,"59,683,371",,Commercial Harvesters
North Carolina,2022,Value Added,Without Imports,,N/A - Data are not available.,Importers
Oregon,2022,#Jobs,With Imports,"1,886",,Seafood Processors & Dealers
Oregon,2022,#Jobs,With Imports,"1,956",,Importers
Oregon,2022,#Jobs,With Imports,"15,059",,Total Impacts
Oregon,2022,#Jobs,With Imports,"4,011",,Commercial Harvesters
Oregon,2022,#Jobs,With Imports,"6,488",,Retail
Oregon,2022,#Jobs,With Imports,717,,Seafood Wholesalers & Distributors
Oregon,2022,#Jobs,Without Imports,"1,205",,Seafood Processors & Dealers
Oregon,2022,#Jobs,Without Imports,"11,392",,Total Impacts
Oregon,2022,#Jobs,Without Imports,"4,011",,Commercial Harvesters
Oregon,2022,#Jobs,Without Imports,"5,840",,Retail
Oregon,2022,#Jobs,Without Imports,,N/A - Data are not available.,Importers
Oregon,2022,#Jobs,Without Imports,336,,Seafood Wholesalers & Distributors
Oregon,2022,Income,With Imports,"116,998,837",,Retail
Oregon,2022,Income,With Imports,"28,999,695",,Seafood Wholesalers & Distributors
Oregon,2022,Income,With Imports,"382,798,838",,Total Impacts
Oregon,2022,Income,With Imports,"61,366,967",,Seafood Processors & Dealers
Oregon,2022,Income,With Imports,"86,253,587",,Importers
Oregon,2022,Income,With Imports,"89,179,751",,Commercial Harvesters
Oregon,2022,Income,Without Imports,"103,559,766",,Retail
Oregon,2022,Income,Without Imports,"13,589,753",,Seafood Wholesalers & Distributors
Oregon,2022,Income,Without Imports,"245,521,019",,Total Impacts
Oregon,2022,Income,Without Imports,"39,191,748",,Seafood Processors & Dealers
Oregon,2022,Income,Without Imports,"89,179,751",,Commercial Harvesters
Oregon,2022,Income,Without Imports,,N/A - Data are not available.,Importers
Oregon,2022,Sales,With Imports,"1,262,838,565",,Total Impacts
Oregon,2022,Sales,With Imports,"159,784,492",,Seafood Processors & Dealers
Oregon,2022,Sales,With Imports,"213,015,582",,Commercial Harvesters
Oregon,2022,Sales,With Imports,"266,372,425",,Retail
Oregon,2022,Sales,With Imports,"538,179,850",,Importers
Oregon,2022,Sales,With Imports,"85,486,216",,Seafood Wholesalers & Distributors
Oregon,2022,Sales,Without Imports,"102,045,677",,Seafood Processors & Dealers
Oregon,2022,Sales,Without Imports,"213,015,582",,Commercial Harvesters
Oregon,2022,Sales,Without Imports,"236,752,784",,Retail
Oregon,2022,Sales,Without Imports,"40,060,432",,Seafood Wholesalers & Distributors
Oregon,2022,Sales,Without Imports,"591,874,475",,Total Impacts
Oregon,2022,Sales,Without Imports,,N/A - Data are not available.,Importers
Oregon,2022,Value Added,With Imports,"124,497,447",,Commercial Harvesters
Oregon,2022,Value Added,With Imports,"151,989,722",,Retail
Oregon,2022,Value Added,With Imports,"164,060,782",,Importers
Oregon,2022,Value Added,With Imports,"38,896,148",,Seafood Wholesalers & Distributors
Oregon,2022,Value Added,With Imports,"559,623,893",,Total Impacts
Oregon,2022,Value Added,With Imports,"80,179,794",,Seafood Processors & Dealers
Oregon,2022,Value Added,Without Imports,"124,497,447",,Commercial Harvesters
Oregon,2022,Value Added,Without Imports,"134,693,411",,Retail
Oregon,2022,Value Added,Without Imports,"18,227,379",,Seafood Wholesalers & Distributors
Oregon,2022,Value Added,Without Imports,"328,624,716",,Total Impacts
Oregon,2022,Value Added,Without Imports,"51,206,480",,Seafood Processors & Dealers
Oregon,2022,Value Added,Without Imports,,N/A - Data are not available.,Importers
Rhode Island,2022,#Jobs,With Imports,"1,516",,Importers
Rhode Island,2022,#Jobs,With Imports,"3,027",,Commercial Harvesters
Rhode Island,2022,#Jobs,With Imports,"3,852",,Retail
Rhode Island,2022,#Jobs,With Imports,"9,342",,Total Impacts
Rhode Island,2022,#Jobs,With Imports,470,,Seafood Wholesalers & Distributors
Rhode Island,2022,#Jobs,With Imports,476,,Seafood Processors & Dealers
Rhode Island,2022,#Jobs,Without Imports,"2,864",,Retail
Rhode Island,2022,#Jobs,Without Imports,"3,027",,Commercial Harvesters
Rhode Island,2022,#Jobs,Without Imports,"6,480",,Total Impacts
Rhode Island,2022,#Jobs,Without Imports,,N/A - Data are not available.,Importers
Rhode Island,2022,#Jobs,Without Imports,170,,Seafood Wholesalers & Distributors
Rhode Island,2022,#Jobs,Without Imports,419,,Seafood Processors & Dealers
Rhode Island,2022,Income,With Imports,"19,206,412",,Seafood Processors & Dealers
Rhode Island,2022,Income,With Imports,"19,868,893",,Seafood Wholesalers & Distributors
Rhode Island,2022,Income,With Imports,"235,001,933",,Total Impacts
Rhode Island,2022,Income,With Imports,"56,836,095",,Commercial Harvesters
Rhode Island,2022,Income,With Imports,"66,847,573",,Importers
Rhode Island,2022,Income,With Imports,"72,242,961",,Retail
Rhode Island,2022,Income,Without Imports,"133,902,087",,Total Impacts
Rhode Island,2022,Income,Without Imports,"16,884,916",,Seafood Processors & Dealers
Rhode Island,2022,Income,Without Imports,"52,982,602",,Retail
Rhode Island,2022,Income,Without Imports,"56,836,095",,Commercial Harvesters
Rhode Island,2022,Income,Without Imports,"7,198,474",,Seafood Wholesalers & Distributors
Rhode Island,2022,Income,Without Imports,,N/A - Data are not available.,Importers
Rhode Island,2022,Sales,With Imports,"163,958,025",,Retail
Rhode Island,2022,Sales,With Imports,"185,484,310",,Commercial Harvesters
Rhode Island,2022,Sales,With Imports,"417,095,889",,Importers
Rhode Island,2022,Sales,With Imports,"49,564,334",,Seafood Processors & Dealers
Rhode Island,2022,Sales,With Imports,"56,075,179",,Seafood Wholesalers & Distributors
Rhode Island,2022,Sales,With Imports,"872,177,735",,Total Impacts
Rhode Island,2022,Sales,Without Imports,"120,785,984",,Retail
Rhode Island,2022,Sales,Without Imports,"185,484,310",,Commercial Harvesters
Rhode Island,2022,Sales,Without Imports,"20,315,965",,Seafood Wholesalers & Distributors
Rhode Island,2022,Sales,Without Imports,"370,159,709",,Total Impacts
Rhode Island,2022,Sales,Without Imports,"43,573,451",,Seafood Processors & Dealers
Rhode Island,2022,Sales,Without Imports,,N/A - Data are not available.,Importers
Rhode Island,2022,Value Added,With Imports,"127,149,089",,Importers
Rhode Island,2022,Value Added,With Imports,"24,958,557",,Seafood Processors & Dealers
Rhode Island,2022,Value Added,With Imports,"26,143,422",,Seafood Wholesalers & Distributors
Rhode Island,2022,Value Added,With Imports,"359,216,751",,Total Impacts
Rhode Island,2022,Value Added,With Imports,"88,043,797",,Commercial Harvesters
Rhode Island,2022,Value Added,With Imports,"92,921,886",,Retail
Rhode Island,2022,Value Added,Without Imports,"187,702,344",,Total Impacts
Rhode Island,2022,Value Added,Without Imports,"21,941,795",,Seafood Processors & Dealers
Rhode Island,2022,Value Added,Without Imports,"68,245,024",,Retail
Rhode Island,2022,Value Added,Without Imports,"88,043,797",,Commercial Harvesters
Rhode Island,2022,Value Added,Without Imports,"9,471,728",,Seafood Wholesalers & Distributors
Rhode Island,2022,Value Added,Without Imports,,N/A - Data are not available.,Importers
South Carolina,2022,#Jobs,With Imports,"1,865",,Total Impacts
South Carolina,2022,#Jobs,With Imports,115,,Seafood Processors & Dealers
South Carolina,2022,#Jobs,With Imports,120,,Seafood Wholesalers & Distributors
South Carolina,2022,#Jobs,With Imports,428,,Importers
South Carolina,2022,#Jobs,With Imports,449,,Commercial Harvesters
South Carolina,2022,#Jobs,With Imports,753,,Retail
South Carolina,2022,#Jobs,Without Imports,"1,079",,Total Impacts
South Carolina,2022,#Jobs,Without Imports,,N/A - Data are not available.,Importers
South Carolina,2022,#Jobs,Without Imports,32,,Seafood Wholesalers & Distributors
South Carolina,2022,#Jobs,Without Imports,449,,Commercial Harvesters
South Carolina,2022,#Jobs,Without Imports,514,,Retail
South Carolina,2022,#Jobs,Without Imports,84,,Seafood Processors & Dealers
South Carolina,2022,Income,With Imports,"12,272,524",,Commercial Harvesters
South Carolina,2022,Income,With Imports,"12,424,661",,Retail
South Carolina,2022,Income,With Imports,"18,875,733",,Importers
South Carolina,2022,Income,With Imports,"3,391,670",,Seafood Processors & Dealers
South Carolina,2022,Income,With Imports,"4,264,685",,Seafood Wholesalers & Distributors
South Carolina,2022,Income,With Imports,"51,229,274",,Total Impacts
South Carolina,2022,Income,Without Imports,"1,119,146",,Seafood Wholesalers & Distributors
South Carolina,2022,Income,Without Imports,"12,272,524",,Commercial Harvesters
South Carolina,2022,Income,Without Imports,"2,498,767",,Seafood Processors & Dealers
South Carolina,2022,Income,Without Imports,"24,089,100",,Total Impacts
South Carolina,2022,Income,Without Imports,"8,198,663",,Retail
South Carolina,2022,Income,Without Imports,,N/A - Data are not available.,Importers
South Carolina,2022,Sales,With Imports,"117,775,268",,Importers
South Carolina,2022,Sales,With Imports,"12,139,371",,Seafood Wholesalers & Distributors
South Carolina,2022,Sales,With Imports,"195,054,312",,Total Impacts
South Carolina,2022,Sales,With Imports,"27,705,993",,Retail
South Carolina,2022,Sales,With Imports,"28,763,577",,Commercial Harvesters
South Carolina,2022,Sales,With Imports,"8,670,103",,Seafood Processors & Dealers
South Carolina,2022,Sales,Without Imports,"18,448,862",,Retail
South Carolina,2022,Sales,Without Imports,"28,763,577",,Commercial Harvesters
South Carolina,2022,Sales,Without Imports,"3,185,641",,Seafood Wholesalers & Distributors
South Carolina,2022,Sales,Without Imports,"56,785,660",,Total Impacts
South Carolina,2022,Sales,Without Imports,"6,387,580",,Seafood Processors & Dealers
South Carolina,2022,Sales,Without Imports,,N/A - Data are not available.,Importers
South Carolina,2022,Value Added,With Imports,"15,997,859",,Retail
South Carolina,2022,Value Added,With Imports,"16,582,081",,Commercial Harvesters
South Carolina,2022,Value Added,With Imports,"35,903,058",,Importers
South Carolina,2022,Value Added,With Imports,"4,361,361",,Seafood Processors & Dealers
South Carolina,2022,Value Added,With Imports,"5,601,691",,Seafood Wholesalers & Distributors
South Carolina,2022,Value Added,With Imports,"78,446,051",,Total Impacts
South Carolina,2022,Value Added,Without Imports,"1,470,003",,Seafood Wholesalers & Distributors
South Carolina,2022,Value Added,Without Imports,"10,586,352",,Retail
South Carolina,2022,Value Added,Without Imports,"16,582,081",,Commercial Harvesters
South Carolina,2022,Value Added,Without Imports,"3,213,173",,Seafood Processors & Dealers
South Carolina,2022,Value Added,Without Imports,"31,851,609",,Total Impacts
South Carolina,2022,Value Added,Without Imports,,N/A - Data are not available.,Importers
Texas,2022,#Jobs,With Imports,"14,431",,Importers
Texas,2022,#Jobs,With Imports,"17,890",,Retail
Texas,2022,#Jobs,With Imports,"2,594",,Commercial Harvesters
Texas,2022,#Jobs,With Imports,"2,767",,Seafood Wholesalers & Distributors
Texas,2022,#Jobs,With Imports,"3,489",,Seafood Processors & Dealers
Texas,2022,#Jobs,With Imports,"41,171",,Total Impacts
Texas,2022,#Jobs,Without Imports,"2,594",,Commercial Harvesters
Texas,2022,#Jobs,Without Imports,"5,193",,Retail
Texas,2022,#Jobs,Without Imports,"8,885",,Total Impacts
Texas,2022,#Jobs,Without Imports,,N/A - Data are not available.,Importers
Texas,2022,#Jobs,Without Imports,247,,Seafood Wholesalers & Distributors
Texas,2022,#Jobs,Without Imports,851,,Seafood Processors & Dealers
Texas,2022,Income,With Imports,"1,259,222,196",,Total Impacts
Texas,2022,Income,With Imports,"107,423,787",,Seafood Processors & Dealers
Texas,2022,Income,With Imports,"121,922,121",,Seafood Wholesalers & Distributors
Texas,2022,Income,With Imports,"330,712,859",,Retail
Texas,2022,Income,With Imports,"62,967,991",,Commercial Harvesters
Texas,2022,Income,With Imports,"636,195,439",,Importers
Texas,2022,Income,Without Imports,"10,900,376",,Seafood Wholesalers & Distributors
Texas,2022,Income,Without Imports,"193,224,967",,Total Impacts
Texas,2022,Income,Without Imports,"26,200,390",,Seafood Processors & Dealers
Texas,2022,Income,Without Imports,"62,967,991",,Commercial Harvesters
Texas,2022,Income,Without Imports,"93,156,210",,Retail
Texas,2022,Income,Without Imports,,N/A - Data are not available.,Importers
Texas,2022,Sales,With Imports,"194,735,459",,Commercial Harvesters
Texas,2022,Sales,With Imports,"285,556,201",,Seafood Processors & Dealers
Texas,2022,Sales,With Imports,"3,969,545,809",,Importers
Texas,2022,Sales,With Imports,"365,407,723",,Seafood Wholesalers & Distributors
Texas,2022,Sales,With Imports,"5,584,289,532",,Total Impacts
Texas,2022,Sales,With Imports,"769,044,340",,Retail
Texas,2022,Sales,Without Imports,"194,735,459",,Commercial Harvesters
Texas,2022,Sales,Without Imports,"218,222,516",,Retail
Texas,2022,Sales,Without Imports,"32,669,067",,Seafood Wholesalers & Distributors
Texas,2022,Sales,Without Imports,"515,273,477",,Total Impacts
Texas,2022,Sales,Without Imports,"69,646,435",,Seafood Processors & Dealers
Texas,2022,Sales,Without Imports,,N/A - Data are not available.,Importers
Texas,2022,Value Added,With Imports,"1,210,091,364",,Importers
Texas,2022,Value Added,With Imports,"141,480,891",,Seafood Processors & Dealers
Texas,2022,Value Added,With Imports,"168,838,561",,Seafood Wholesalers & Distributors
Texas,2022,Value Added,With Imports,"2,048,828,766",,Total Impacts
Texas,2022,Value Added,With Imports,"432,087,107",,Retail
Texas,2022,Value Added,With Imports,"96,330,843",,Commercial Harvesters
Texas,2022,Value Added,Without Imports,"121,950,300",,Retail
Texas,2022,Value Added,Without Imports,"15,094,912",,Seafood Wholesalers & Distributors
Texas,2022,Value Added,Without Imports,"267,882,887",,Total Impacts
Texas,2022,Value Added,Without Imports,"34,506,831",,Seafood Processors & Dealers
Texas,2022,Value Added,Without Imports,"96,330,843",,Commercial Harvesters
Texas,2022,Value Added,Without Imports,,N/A - Data are not available.,Importers
Virginia,2022,#Jobs,With Imports,"1,923",,Seafood Wholesalers & Distributors
Virginia,2022,#Jobs,With Imports,"10,170",,Retail
Virginia,2022,#Jobs,With Imports,"28,729",,Total Impacts
Virginia,2022,#Jobs,With Imports,"3,936",,Seafood Processors & Dealers
Virginia,2022,#Jobs,With Imports,"4,558",,Commercial Harvesters
Virginia,2022,#Jobs,With Imports,"8,142",,Importers
Virginia,2022,#Jobs,Without Imports,"1,427",,Seafood Processors & Dealers
Virginia,2022,#Jobs,Without Imports,"13,950",,Total Impacts
Virginia,2022,#Jobs,Without Imports,"4,558",,Commercial Harvesters
Virginia,2022,#Jobs,Without Imports,"7,479",,Retail
Virginia,2022,#Jobs,Without Imports,,N/A - Data are not available.,Importers
Virginia,2022,#Jobs,Without Imports,486,,Seafood Wholesalers & Distributors
Virginia,2022,Income,With Imports,"134,104,079",,Seafood Processors & Dealers
Virginia,2022,Income,With Imports,"184,471,997",,Retail
Virginia,2022,Income,With Imports,"358,959,283",,Importers
Virginia,2022,Income,With Imports,"80,446,898",,Seafood Wholesalers & Distributors
Virginia,2022,Income,With Imports,"851,594,455",,Total Impacts
Virginia,2022,Income,With Imports,"93,612,198",,Commercial Harvesters
Virginia,2022,Income,Without Imports,"130,841,984",,Retail
Virginia,2022,Income,Without Imports,"20,311,431",,Seafood Wholesalers & Distributors
Virginia,2022,Income,Without Imports,"293,379,960",,Total Impacts
Virginia,2022,Income,Without Imports,"48,614,347",,Seafood Processors & Dealers
Virginia,2022,Income,Without Imports,"93,612,198",,Commercial Harvesters
Virginia,2022,Income,Without Imports,,N/A - Data are not available.,Importers
Virginia,2022,Sales,With Imports,"2,239,728,910",,Importers
Virginia,2022,Sales,With Imports,"232,710,213",,Seafood Wholesalers & Distributors
Virginia,2022,Sales,With Imports,"287,957,362",,Commercial Harvesters
Virginia,2022,Sales,With Imports,"3,519,973,149",,Total Impacts
Virginia,2022,Sales,With Imports,"344,675,231",,Seafood Processors & Dealers
Virginia,2022,Sales,With Imports,"414,901,433",,Retail
Virginia,2022,Sales,Without Imports,"124,948,933",,Seafood Processors & Dealers
Virginia,2022,Sales,Without Imports,"287,957,362",,Commercial Harvesters
Virginia,2022,Sales,Without Imports,"297,442,011",,Retail
Virginia,2022,Sales,Without Imports,"58,755,347",,Seafood Wholesalers & Distributors
Virginia,2022,Sales,Without Imports,"769,103,653",,Total Impacts
Virginia,2022,Sales,Without Imports,,N/A - Data are not available.,Importers
Virginia,2022,Value Added,With Imports,"1,338,919,503",,Total Impacts
Virginia,2022,Value Added,With Imports,"107,216,578",,Seafood Wholesalers & Distributors
Virginia,2022,Value Added,With Imports,"138,084,721",,Commercial Harvesters
Virginia,2022,Value Added,With Imports,"173,074,487",,Seafood Processors & Dealers
Virginia,2022,Value Added,With Imports,"237,776,282",,Retail
Virginia,2022,Value Added,With Imports,"682,767,435",,Importers
Virginia,2022,Value Added,Without Imports,"138,084,721",,Commercial Harvesters
Virginia,2022,Value Added,Without Imports,"169,174,052",,Retail
Virginia,2022,Value Added,Without Imports,"27,070,302",,Seafood Wholesalers & Distributors
Virginia,2022,Value Added,Without Imports,"397,070,667",,Total Impacts
Virginia,2022,Value Added,Without Imports,"62,741,592",,Seafood Processors & Dealers
Virginia,2022,Value Added,Without Imports,,N/A - Data are not available.,Importers
Washington,2022,#Jobs,With Imports,"23,777",,Importers
Washington,2022,#Jobs,With Imports,"24,889",,Seafood Processors & Dealers
Washington,2022,#Jobs,With Imports,"27,535",,Retail
Washington,2022,#Jobs,With Imports,"3,792",,Seafood Wholesalers & Distributors
Washington,2022,#Jobs,With Imports,"7,903",,Commercial Harvesters
Washington,2022,#Jobs,With Imports,"87,896",,Total Impacts
Washington,2022,#Jobs,Without Imports,"14,139",,Retail
Washington,2022,#Jobs,Without Imports,"26,015",,Total Impacts
Washington,2022,#Jobs,Without Imports,"3,006",,Seafood Processors & Dealers
Washington,2022,#Jobs,Without Imports,"7,903",,Commercial Harvesters
Washington,2022,#Jobs,Without Imports,,N/A - Data are not available.,Importers
Washington,2022,#Jobs,Without Imports,966,,Seafood Wholesalers & Distributors
Washington,2022,Income,With Imports,"1,048,258,725",,Importers
Washington,2022,Income,With Imports,"162,783,881",,Seafood Wholesalers & Distributors
Washington,2022,Income,With Imports,"2,913,496,896",,Total Impacts
Washington,2022,Income,With Imports,"275,824,392",,Commercial Harvesters
Washington,2022,Income,With Imports,"540,710,650",,Retail
Washington,2022,Income,With Imports,"885,919,249",,Seafood Processors & Dealers
Washington,2022,Income,Without Imports,"107,015,155",,Seafood Processors & Dealers
Washington,2022,Income,Without Imports,"275,824,392",,Commercial Harvesters
Washington,2022,Income,Without Imports,"275,985,467",,Retail
Washington,2022,Income,Without Imports,"41,466,577",,Seafood Wholesalers & Distributors
Washington,2022,Income,Without Imports,"700,291,591",,Total Impacts
Washington,2022,Income,Without Imports,,N/A - Data are not available.,Importers
Washington,2022,Sales,With Imports,"1,254,380,579",,Retail
Washington,2022,Sales,With Imports,"11,289,664,770",,Total Impacts
Washington,2022,Sales,With Imports,"2,358,769,989",,Seafood Processors & Dealers
Washington,2022,Sales,With Imports,"485,862,971",,Seafood Wholesalers & Distributors
Washington,2022,Sales,With Imports,"6,540,617,515",,Importers
Washington,2022,Sales,With Imports,"650,033,715",,Commercial Harvesters
Washington,2022,Sales,Without Imports,"1,699,835,203",,Total Impacts
Washington,2022,Sales,Without Imports,"123,765,993",,Seafood Wholesalers & Distributors
Washington,2022,Sales,Without Imports,"284,929,066",,Seafood Processors & Dealers
Washington,2022,Sales,Without Imports,"641,106,428",,Retail
Washington,2022,Sales,Without Imports,"650,033,715",,Commercial Harvesters
Washington,2022,Sales,Without Imports,,N/A - Data are not available.,Importers
Washington,2022,Value Added,With Imports,"1,172,378,362",,Seafood Processors & Dealers
Washington,2022,Value Added,With Imports,"1,993,866,591",,Importers
Washington,2022,Value Added,With Imports,"222,091,097",,Seafood Wholesalers & Distributors
Washington,2022,Value Added,With Imports,"390,136,184",,Commercial Harvesters
Washington,2022,Value Added,With Imports,"4,488,520,320",,Total Impacts
Washington,2022,Value Added,With Imports,"710,048,086",,Retail
Washington,2022,Value Added,Without Imports,"141,618,164",,Seafood Processors & Dealers
Washington,2022,Value Added,Without Imports,"362,562,138",,Retail
Washington,2022,Value Added,Without Imports,"390,136,184",,Commercial Harvesters
Washington,2022,Value Added,Without Imports,"56,574,074",,Seafood Wholesalers & Distributors
Washington,2022,Value Added,Without Imports,"950,890,560",,Total Impacts
Washington,2022,Value Added,Without Imports,,N/A - Data are not available.,Importers
